{
    "rmse_train": 82.03983010076168,
    "rmse_test": 117.7451601014149,
    "rmse_val": 114.48730553003811,
    "r2_val": 0.2552534099063146,
    "r2_train": 0.5141422335230739,
    "r2_test": 0.12360285953587935
}