{
    "rmse_train": 82.03983010076168,
    "rmse_test": 117.78616851558763,
    "rmse_val": 114.45516638635922,
    "r2_val": 0.2556714852193005,
    "r2_train": 0.5141422335230738,
    "r2_test": 0.12299228810454987
}