{
    "rmse_train": 72658455692.03978,
    "rmse_test": 75679539065.08081,
    "rmse_val": 77580120297.01427,
    "r2_val": -3.419753101869649e+17,
    "r2_train": -3.810938766951986e+17,
    "r2_test": -3.6205269061980186e+17
}