{
    "rmse_train": 3262925102.2749047,
    "rmse_test": 3114910190.7293735,
    "rmse_val": 3182009860.0473685,
    "r2_val": -575303341976993.4,
    "r2_train": -768553057823706.2,
    "r2_test": -613346486640216.0
}