{
    "rmse_train": 83.17802691037062,
    "rmse_test": 114.02895949463442,
    "rmse_val": 110.65320549673476,
    "r2_val": 0.30430023975433274,
    "r2_train": 0.5005674162164011,
    "r2_test": 0.17805048103824372
}