{
    "rmse_train": 86.73798547685186,
    "rmse_test": 113.90600496702822,
    "rmse_val": 109.91316022490382,
    "r2_val": 0.31357475950443225,
    "r2_train": 0.45690187016266404,
    "r2_test": 0.1798220999103557
}