{
    "rmse_train": 80.66333097253349,
    "rmse_test": 122.58391443865915,
    "rmse_val": 123.97721257101884,
    "r2_val": 0.12667158619858587,
    "r2_train": 0.5303093131052374,
    "r2_test": 0.05009145672259685
}